id,firstname,lastname,email,year
100,Danny,Graig,Danny.Graig@yopmail.com,junior
101,Orelia,Pitt,Orelia.Pitt@yopmail.com,freshman
102,Ayn,Lindemann,Ayn.Lindemann@yopmail.com,junior
103,Christy,Sharl,Christy.Sharl@yopmail.com,senior
104,Dorothy,Iaverne,Dorothy.Iaverne@yopmail.com,freshman
105,Carolina,Brittani,Carolina.Brittani@yopmail.com,junior
106,Orsola,Roxanna,Orsola.Roxanna@yopmail.com,sophomore
107,Tersina,Hylan,Tersina.Hylan@yopmail.com,junior
108,Roberta,Gordon,Roberta.Gordon@yopmail.com,freshman
109,Corene,Wittie,Corene.Wittie@yopmail.com,freshman
110,Ayn,Bury,Ayn.Bury@yopmail.com,sophomore
111,Elbertina,Tristram,Elbertina.Tristram@yopmail.com,senior
112,Wanda,Brandice,Wanda.Brandice@yopmail.com,senior
113,Ginnie,Madox,Ginnie.Madox@yopmail.com,senior
114,Eugine,Chabot,Eugine.Chabot@yopmail.com,senior
115,Brianna,Kolnick,Brianna.Kolnick@yopmail.com,junior
116,Kathy,Jacqui,Kathy.Jacqui@yopmail.com,senior
117,Lucy,Cookie,Lucy.Cookie@yopmail.com,junior
118,Linzy,Carleen,Linzy.Carleen@yopmail.com,freshman
119,Leanna,Tengdin,Leanna.Tengdin@yopmail.com,sophomore
120,Georgetta,Bergman,Georgetta.Bergman@yopmail.com,sophomore
121,Rhea,Pettiford,Rhea.Pettiford@yopmail.com,senior
122,Grier,Hartnett,Grier.Hartnett@yopmail.com,sophomore
123,Dagmar,Travax,Dagmar.Travax@yopmail.com,sophomore
124,Kayla,Odysseus,Kayla.Odysseus@yopmail.com,sophomore
125,Briney,Llovera,Briney.Llovera@yopmail.com,sophomore
126,Paulita,Danby,Paulita.Danby@yopmail.com,freshman
127,Edyth,Docilla,Edyth.Docilla@yopmail.com,sophomore
128,Wendi,Ehrman,Wendi.Ehrman@yopmail.com,freshman
129,Edee,Knowling,Edee.Knowling@yopmail.com,freshman
130,Priscilla,Maples,Priscilla.Maples@yopmail.com,sophomore
131,Theodora,Palocz,Theodora.Palocz@yopmail.com,sophomore
132,Sindee,Malina,Sindee.Malina@yopmail.com,sophomore
133,Melodie,Lareena,Melodie.Lareena@yopmail.com,junior
134,Sidoney,Voletta,Sidoney.Voletta@yopmail.com,senior
135,Angela,Gwenore,Angela.Gwenore@yopmail.com,sophomore
136,Roseline,Andrel,Roseline.Andrel@yopmail.com,freshman
137,Emmey,Payson,Emmey.Payson@yopmail.com,junior
138,Laure,Malvino,Laure.Malvino@yopmail.com,sophomore
139,Gloria,Nance,Gloria.Nance@yopmail.com,senior
140,Pollyanna,Dituri,Pollyanna.Dituri@yopmail.com,freshman
141,Paule,Brittani,Paule.Brittani@yopmail.com,sophomore
142,Dolli,Naor,Dolli.Naor@yopmail.com,junior
143,Raf,Catie,Raf.Catie@yopmail.com,sophomore
144,Joy,Lory,Joy.Lory@yopmail.com,junior
145,Ronna,Wittie,Ronna.Wittie@yopmail.com,sophomore
146,Loree,Rocray,Loree.Rocray@yopmail.com,junior
147,Hyacinthe,Rubie,Hyacinthe.Rubie@yopmail.com,sophomore
148,Vinita,Killigrew,Vinita.Killigrew@yopmail.com,sophomore
149,Teddie,Bethany,Teddie.Bethany@yopmail.com,sophomore
150,Melina,Schlosser,Melina.Schlosser@yopmail.com,junior
151,Sidoney,Myrilla,Sidoney.Myrilla@yopmail.com,senior
152,Kristina,Buckler,Kristina.Buckler@yopmail.com,sophomore
153,Adriana,Orlene,Adriana.Orlene@yopmail.com,senior
154,Andree,Fadiman,Andree.Fadiman@yopmail.com,freshman
155,Marti,Brandice,Marti.Brandice@yopmail.com,senior
156,Mildrid,Martsen,Mildrid.Martsen@yopmail.com,senior
157,Isa,Heisel,Isa.Heisel@yopmail.com,sophomore
158,Andeee,Rosette,Andeee.Rosette@yopmail.com,junior
159,Cathyleen,Ardeha,Cathyleen.Ardeha@yopmail.com,senior
160,Dawn,Darian,Dawn.Darian@yopmail.com,junior
161,Leia,Hashim,Leia.Hashim@yopmail.com,junior
162,Lusa,Pillsbury,Lusa.Pillsbury@yopmail.com,senior
163,Annecorinne,Astra,Annecorinne.Astra@yopmail.com,sophomore
164,Helsa,Ambrosia,Helsa.Ambrosia@yopmail.com,freshman
165,Cassandra,Dyche,Cassandra.Dyche@yopmail.com,junior
166,Bill,Wiener,Bill.Wiener@yopmail.com,junior
167,Jenda,Strephon,Jenda.Strephon@yopmail.com,freshman
168,Emilia,Jary,Emilia.Jary@yopmail.com,junior
169,Atlanta,Brieta,Atlanta.Brieta@yopmail.com,senior
170,Patricia,Emerson,Patricia.Emerson@yopmail.com,senior
171,Bill,Bates,Bill.Bates@yopmail.com,junior
172,Gavrielle,Berne,Gavrielle.Berne@yopmail.com,sophomore
173,Feliza,Valerio,Feliza.Valerio@yopmail.com,sophomore
174,Larine,Atcliffe,Larine.Atcliffe@yopmail.com,sophomore
175,Cathie,Lymann,Cathie.Lymann@yopmail.com,junior
176,Etta,Teryn,Etta.Teryn@yopmail.com,sophomore
177,Etta,Fax,Etta.Fax@yopmail.com,junior
178,Tami,Germann,Tami.Germann@yopmail.com,sophomore
179,Annabela,Sophronia,Annabela.Sophronia@yopmail.com,junior
180,Nita,Modie,Nita.Modie@yopmail.com,junior
181,Daryl,Ahab,Daryl.Ahab@yopmail.com,junior
182,Vonny,Juliet,Vonny.Juliet@yopmail.com,sophomore
183,Kylynn,Thomasina,Kylynn.Thomasina@yopmail.com,senior
184,Celisse,Thad,Celisse.Thad@yopmail.com,senior
185,Lisette,Natica,Lisette.Natica@yopmail.com,junior
186,Johna,Taima,Johna.Taima@yopmail.com,sophomore
187,Brietta,Salchunas,Brietta.Salchunas@yopmail.com,junior
188,Olivette,Gwenore,Olivette.Gwenore@yopmail.com,senior
189,Barbi,Turne,Barbi.Turne@yopmail.com,sophomore
190,Hildegaard,Evvie,Hildegaard.Evvie@yopmail.com,junior
191,Charissa,Gamaliel,Charissa.Gamaliel@yopmail.com,junior
192,Dianemarie,Federica,Dianemarie.Federica@yopmail.com,senior
193,Cherilyn,Himelman,Cherilyn.Himelman@yopmail.com,freshman
194,Agnese,Abbot,Agnese.Abbot@yopmail.com,junior
195,Sallie,Velick,Sallie.Velick@yopmail.com,freshman
196,Rori,Narton,Rori.Narton@yopmail.com,freshman
197,Dode,Chaing,Dode.Chaing@yopmail.com,junior
198,Yolane,Pillsbury,Yolane.Pillsbury@yopmail.com,senior
199,Regina,Jeanne,Regina.Jeanne@yopmail.com,sophomore
200,Pollyanna,Natica,Pollyanna.Natica@yopmail.com,junior
201,Emmey,Korey,Emmey.Korey@yopmail.com,sophomore
202,Briney,Stav,Briney.Stav@yopmail.com,senior
203,Ebonee,Elephus,Ebonee.Elephus@yopmail.com,junior
204,Gusella,Ingra,Gusella.Ingra@yopmail.com,senior
205,Sandie,Maxi,Sandie.Maxi@yopmail.com,freshman
206,Camile,Gilbertson,Camile.Gilbertson@yopmail.com,junior
207,Donnie,Caitlin,Donnie.Caitlin@yopmail.com,junior
208,Tomasina,Prouty,Tomasina.Prouty@yopmail.com,freshman
209,Doralynne,Poppy,Doralynne.Poppy@yopmail.com,junior
210,Eve,Garek,Eve.Garek@yopmail.com,freshman
211,Odessa,Winthorpe,Odessa.Winthorpe@yopmail.com,sophomore
212,Dianemarie,Bach,Dianemarie.Bach@yopmail.com,freshman
213,Vevay,Marisa,Vevay.Marisa@yopmail.com,junior
214,Mireielle,Joeann,Mireielle.Joeann@yopmail.com,sophomore
215,Fredericka,Iiette,Fredericka.Iiette@yopmail.com,junior
216,Mignon,Arathorn,Mignon.Arathorn@yopmail.com,freshman
217,Ivett,Shaver,Ivett.Shaver@yopmail.com,junior
218,Charissa,Mallon,Charissa.Mallon@yopmail.com,sophomore
219,Zondra,Neva,Zondra.Neva@yopmail.com,freshman
220,Trudie,Schwejda,Trudie.Schwejda@yopmail.com,freshman
221,Lolita,Nunci,Lolita.Nunci@yopmail.com,freshman
222,Gabi,Edison,Gabi.Edison@yopmail.com,sophomore
223,Arabel,Agle,Arabel.Agle@yopmail.com,freshman
224,Mallory,Rebecka,Mallory.Rebecka@yopmail.com,junior
225,Hettie,Othilia,Hettie.Othilia@yopmail.com,junior
226,Chickie,Elephus,Chickie.Elephus@yopmail.com,senior
227,Keelia,Lubin,Keelia.Lubin@yopmail.com,sophomore
228,Lenna,Torray,Lenna.Torray@yopmail.com,freshman
229,Melina,Schlosser,Melina.Schlosser@yopmail.com,sophomore
230,Antonietta,Kenwood,Antonietta.Kenwood@yopmail.com,sophomore
231,Marika,Cimbura,Marika.Cimbura@yopmail.com,senior
232,Maye,Curren,Maye.Curren@yopmail.com,sophomore
233,Frances,Sophronia,Frances.Sophronia@yopmail.com,junior
234,Kelly,Pond,Kelly.Pond@yopmail.com,sophomore
235,Cassandra,Raseda,Cassandra.Raseda@yopmail.com,sophomore
236,Nerta,Chesna,Nerta.Chesna@yopmail.com,senior
237,Ethel,Adore,Ethel.Adore@yopmail.com,freshman
238,Beth,Girardo,Beth.Girardo@yopmail.com,freshman
239,Jacenta,Milson,Jacenta.Milson@yopmail.com,junior
240,Atlanta,Artie,Atlanta.Artie@yopmail.com,freshman
241,Philis,Wilkinson,Philis.Wilkinson@yopmail.com,junior
242,Annice,Dorothy,Annice.Dorothy@yopmail.com,junior
243,Jenilee,Eugenia,Jenilee.Eugenia@yopmail.com,senior
244,Robinia,Sperling,Robinia.Sperling@yopmail.com,junior
245,Babita,Ellerey,Babita.Ellerey@yopmail.com,junior
246,Damaris,Daniele,Damaris.Daniele@yopmail.com,senior
247,Johna,Hunfredo,Johna.Hunfredo@yopmail.com,sophomore
248,Carmela,Grayce,Carmela.Grayce@yopmail.com,sophomore
249,Sonni,Brittani,Sonni.Brittani@yopmail.com,senior
250,Mariele,Danby,Mariele.Danby@yopmail.com,freshman
251,Alexine,Diann,Alexine.Diann@yopmail.com,sophomore
252,Nananne,Casimir,Nananne.Casimir@yopmail.com,freshman
253,Janis,Waite,Janis.Waite@yopmail.com,sophomore
254,Leanna,Durware,Leanna.Durware@yopmail.com,senior
255,Rozele,Elsinore,Rozele.Elsinore@yopmail.com,senior
256,Kellen,Suk,Kellen.Suk@yopmail.com,freshman
257,Tonia,Thema,Tonia.Thema@yopmail.com,sophomore
258,Sophia,Bethany,Sophia.Bethany@yopmail.com,junior
259,Ginnie,Cressida,Ginnie.Cressida@yopmail.com,senior
260,Laurene,Chesna,Laurene.Chesna@yopmail.com,freshman
261,Orsola,Urania,Orsola.Urania@yopmail.com,freshman
262,Bobbi,Schenck,Bobbi.Schenck@yopmail.com,freshman
263,Caressa,Martsen,Caressa.Martsen@yopmail.com,sophomore
264,Tina,Sheedy,Tina.Sheedy@yopmail.com,senior
265,Karena,Paine,Karena.Paine@yopmail.com,junior
266,Jackie,McNully,Jackie.McNully@yopmail.com,freshman
267,Lorenza,Paine,Lorenza.Paine@yopmail.com,freshman
268,Ericka,Sibyls,Ericka.Sibyls@yopmail.com,sophomore
269,Jillayne,Andrel,Jillayne.Andrel@yopmail.com,junior
270,Katuscha,Grobe,Katuscha.Grobe@yopmail.com,senior
271,Stevana,Vorster,Stevana.Vorster@yopmail.com,junior
272,Chloris,Gualtiero,Chloris.Gualtiero@yopmail.com,junior
273,Kary,Hertzfeld,Kary.Hertzfeld@yopmail.com,senior
274,Sadie,Hebner,Sadie.Hebner@yopmail.com,senior
275,Joy,Iiette,Joy.Iiette@yopmail.com,freshman
276,Alleen,Newell,Alleen.Newell@yopmail.com,freshman
277,Corina,Tamar,Corina.Tamar@yopmail.com,junior
278,Nickie,Rocray,Nickie.Rocray@yopmail.com,senior
279,Jessamyn,Mintz,Jessamyn.Mintz@yopmail.com,senior
280,Hope,Mitzi,Hope.Mitzi@yopmail.com,junior
281,Brooks,Publia,Brooks.Publia@yopmail.com,sophomore
282,Madeleine,Kenney,Madeleine.Kenney@yopmail.com,sophomore
283,Alleen,Eldrid,Alleen.Eldrid@yopmail.com,junior
284,Courtnay,Hathaway,Courtnay.Hathaway@yopmail.com,senior
285,Ebonee,Danby,Ebonee.Danby@yopmail.com,junior
286,Marcelline,Paton,Marcelline.Paton@yopmail.com,freshman
287,Rhea,MacIntosh,Rhea.MacIntosh@yopmail.com,sophomore
288,Margarette,Poppy,Margarette.Poppy@yopmail.com,junior
289,Cacilie,Remmer,Cacilie.Remmer@yopmail.com,senior
290,Tybie,Ietta,Tybie.Ietta@yopmail.com,sophomore
291,Zondra,Cleavland,Zondra.Cleavland@yopmail.com,junior
292,Kimmy,Selway,Kimmy.Selway@yopmail.com,junior
293,Codie,Wilkinson,Codie.Wilkinson@yopmail.com,senior
294,Daphne,Gahl,Daphne.Gahl@yopmail.com,freshman
295,Sophia,Rurik,Sophia.Rurik@yopmail.com,sophomore
296,Johna,Romelda,Johna.Romelda@yopmail.com,sophomore
297,Roxane,Sherfield,Roxane.Sherfield@yopmail.com,senior
298,Rosabelle,Japeth,Rosabelle.Japeth@yopmail.com,freshman
299,Fanny,Jerald,Fanny.Jerald@yopmail.com,senior
300,Lolita,Schalles,Lolita.Schalles@yopmail.com,freshman
301,Christian,Melleta,Christian.Melleta@yopmail.com,junior
302,Xylina,Pascia,Xylina.Pascia@yopmail.com,junior
303,Concettina,Leifeste,Concettina.Leifeste@yopmail.com,junior
304,Ana,Abram,Ana.Abram@yopmail.com,freshman
305,Petronia,Newell,Petronia.Newell@yopmail.com,freshman
306,Tori,Arne,Tori.Arne@yopmail.com,junior
307,Estell,Kirstin,Estell.Kirstin@yopmail.com,junior
308,Dania,Dituri,Dania.Dituri@yopmail.com,junior
309,Marika,Sandye,Marika.Sandye@yopmail.com,junior
310,Sue,Adrienne,Sue.Adrienne@yopmail.com,sophomore
311,Alyda,Lail,Alyda.Lail@yopmail.com,sophomore
312,Gratia,Mehalek,Gratia.Mehalek@yopmail.com,junior
313,Annaliese,Nahum,Annaliese.Nahum@yopmail.com,junior
314,Georgina,Pattin,Georgina.Pattin@yopmail.com,junior
315,Nelle,Alcott,Nelle.Alcott@yopmail.com,freshman
316,Annecorinne,Alarise,Annecorinne.Alarise@yopmail.com,sophomore
317,Zondra,Jess,Zondra.Jess@yopmail.com,senior
318,Tomasina,Carri,Tomasina.Carri@yopmail.com,senior
319,Modestia,Bury,Modestia.Bury@yopmail.com,sophomore
320,Shirlee,Ortrude,Shirlee.Ortrude@yopmail.com,junior
321,Sandie,Rosalba,Sandie.Rosalba@yopmail.com,senior
322,Emma,Shanley,Emma.Shanley@yopmail.com,sophomore
323,Lesly,Koehler,Lesly.Koehler@yopmail.com,sophomore
324,Mallory,Glovsky,Mallory.Glovsky@yopmail.com,senior
325,Ricky,Klotz,Ricky.Klotz@yopmail.com,sophomore
326,Valli,Barbey,Valli.Barbey@yopmail.com,junior
327,Carolina,Seessel,Carolina.Seessel@yopmail.com,freshman
328,Cindelyn,Bohlin,Cindelyn.Bohlin@yopmail.com,senior
329,Ulrike,Ilka,Ulrike.Ilka@yopmail.com,sophomore
330,Tami,Baudin,Tami.Baudin@yopmail.com,senior
331,Dacia,Kinnard,Dacia.Kinnard@yopmail.com,senior
332,Amelia,Sancho,Amelia.Sancho@yopmail.com,freshman
333,Rubie,Ruvolo,Rubie.Ruvolo@yopmail.com,freshman
334,Fina,Dichy,Fina.Dichy@yopmail.com,junior
335,Linet,Dichy,Linet.Dichy@yopmail.com,junior
336,Basia,Joni,Basia.Joni@yopmail.com,senior
337,Tomasina,Melony,Tomasina.Melony@yopmail.com,freshman
338,Ronna,Bonilla,Ronna.Bonilla@yopmail.com,junior
339,Melisent,Simmonds,Melisent.Simmonds@yopmail.com,freshman
340,Christian,Curren,Christian.Curren@yopmail.com,senior
341,Kaia,Artie,Kaia.Artie@yopmail.com,junior
342,Esmeralda,Agle,Esmeralda.Agle@yopmail.com,freshman
343,Jobi,Rheingold,Jobi.Rheingold@yopmail.com,junior
344,Genovera,Clarissa,Genovera.Clarissa@yopmail.com,junior
345,Emylee,Raimondo,Emylee.Raimondo@yopmail.com,junior
346,Britte,Cristi,Britte.Cristi@yopmail.com,sophomore
347,Ardeen,Ilka,Ardeen.Ilka@yopmail.com,junior
348,Violet,Faro,Violet.Faro@yopmail.com,sophomore
349,Alleen,Ajay,Alleen.Ajay@yopmail.com,freshman
350,Rhoda,Munn,Rhoda.Munn@yopmail.com,freshman
351,Aimil,Chandler,Aimil.Chandler@yopmail.com,sophomore
352,Farrah,Cristi,Farrah.Cristi@yopmail.com,freshman
353,Peri,Bollay,Peri.Bollay@yopmail.com,junior
354,Zondra,Gusella,Zondra.Gusella@yopmail.com,sophomore
355,Vita,Alejoa,Vita.Alejoa@yopmail.com,freshman
356,Helsa,Loeb,Helsa.Loeb@yopmail.com,freshman
357,Aigneis,Glovsky,Aigneis.Glovsky@yopmail.com,freshman
358,Melodie,Turne,Melodie.Turne@yopmail.com,senior
359,Ezmeralda,Laurianne,Ezmeralda.Laurianne@yopmail.com,junior
360,Lorenza,Cecile,Lorenza.Cecile@yopmail.com,junior
361,Wanda,Esmaria,Wanda.Esmaria@yopmail.com,senior
362,Barbara,Ophelia,Barbara.Ophelia@yopmail.com,freshman
363,Sibella,Concha,Sibella.Concha@yopmail.com,senior
364,Dode,Dudley,Dode.Dudley@yopmail.com,junior
365,Juliane,Monk,Juliane.Monk@yopmail.com,senior
366,Jemie,Schwejda,Jemie.Schwejda@yopmail.com,senior
367,Winifred,Saint,Winifred.Saint@yopmail.com,junior
368,Tami,Lane,Tami.Lane@yopmail.com,freshman
369,Josephine,Damarra,Josephine.Damarra@yopmail.com,sophomore
370,Caritta,Gino,Caritta.Gino@yopmail.com,sophomore
371,Clarice,Corilla,Clarice.Corilla@yopmail.com,junior
372,Lily,Curren,Lily.Curren@yopmail.com,senior
373,Beatriz,Allare,Beatriz.Allare@yopmail.com,freshman
374,Perry,Monaco,Perry.Monaco@yopmail.com,sophomore
375,Alyssa,Whiffen,Alyssa.Whiffen@yopmail.com,senior
376,Jerry,Wittie,Jerry.Wittie@yopmail.com,senior
377,Pearline,Ball,Pearline.Ball@yopmail.com,freshman
378,Arlena,Felecia,Arlena.Felecia@yopmail.com,freshman
379,Jennica,Fontana,Jennica.Fontana@yopmail.com,junior
380,Renie,Larochelle,Renie.Larochelle@yopmail.com,senior
381,Kelly,Tryck,Kelly.Tryck@yopmail.com,senior
382,Kelly,Edison,Kelly.Edison@yopmail.com,senior
383,Lenna,Tamar,Lenna.Tamar@yopmail.com,senior
384,Cristabel,Standing,Cristabel.Standing@yopmail.com,senior
385,Aurore,Girardo,Aurore.Girardo@yopmail.com,junior
386,Shannah,Vacuva,Shannah.Vacuva@yopmail.com,sophomore
387,Joleen,Thad,Joleen.Thad@yopmail.com,freshman
388,Adriana,Isacco,Adriana.Isacco@yopmail.com,freshman
389,Consuela,Mauer,Consuela.Mauer@yopmail.com,junior
390,Cherrita,Kellby,Cherrita.Kellby@yopmail.com,senior
391,Allyce,Dermott,Allyce.Dermott@yopmail.com,sophomore
392,Amelia,Wesle,Amelia.Wesle@yopmail.com,junior
393,Annabela,Vernier,Annabela.Vernier@yopmail.com,senior
394,Randa,Kravits,Randa.Kravits@yopmail.com,junior
395,Selia,Sheedy,Selia.Sheedy@yopmail.com,senior
396,Oralee,Tristram,Oralee.Tristram@yopmail.com,senior
397,Tina,Lay,Tina.Lay@yopmail.com,freshman
398,Arlina,Torray,Arlina.Torray@yopmail.com,sophomore
399,Rori,Albertine,Rori.Albertine@yopmail.com,junior
400,Lulita,Arne,Lulita.Arne@yopmail.com,sophomore
401,Heddie,Bury,Heddie.Bury@yopmail.com,sophomore
402,Imojean,Ogren,Imojean.Ogren@yopmail.com,sophomore
403,Daryl,Glenden,Daryl.Glenden@yopmail.com,junior
404,Jordan,Eckblad,Jordan.Eckblad@yopmail.com,senior
405,Edith,Andrel,Edith.Andrel@yopmail.com,freshman
406,Merci,Salvidor,Merci.Salvidor@yopmail.com,junior
407,Aurore,Cullin,Aurore.Cullin@yopmail.com,senior
408,Stacey,Carvey,Stacey.Carvey@yopmail.com,sophomore
409,Codie,Flita,Codie.Flita@yopmail.com,sophomore
410,Doro,Chick,Doro.Chick@yopmail.com,junior
411,Inga,Lilybelle,Inga.Lilybelle@yopmail.com,freshman
412,Dotty,Rudolph,Dotty.Rudolph@yopmail.com,senior
413,Dominga,Jess,Dominga.Jess@yopmail.com,senior
414,Grier,Buckler,Grier.Buckler@yopmail.com,sophomore
415,Maye,Crudden,Maye.Crudden@yopmail.com,sophomore
416,Heida,Blisse,Heida.Blisse@yopmail.com,senior
417,Donnie,Phyllis,Donnie.Phyllis@yopmail.com,freshman
418,Rori,Grimbly,Rori.Grimbly@yopmail.com,freshman
419,Gusty,Eugenia,Gusty.Eugenia@yopmail.com,sophomore
420,Anica,Madelene,Anica.Madelene@yopmail.com,sophomore
421,Marjie,Standing,Marjie.Standing@yopmail.com,freshman
422,Flo,Ailyn,Flo.Ailyn@yopmail.com,junior
423,Sissy,Roxanna,Sissy.Roxanna@yopmail.com,junior
424,Alisha,Henrie,Alisha.Henrie@yopmail.com,freshman
425,Giustina,Gilmour,Giustina.Gilmour@yopmail.com,senior
426,Emma,Shama,Emma.Shama@yopmail.com,senior
427,Sandie,Maurine,Sandie.Maurine@yopmail.com,junior
428,Danny,Schwejda,Danny.Schwejda@yopmail.com,senior
429,Christian,Giff,Christian.Giff@yopmail.com,sophomore
430,Sallie,Annice,Sallie.Annice@yopmail.com,senior
431,Paola,Ahab,Paola.Ahab@yopmail.com,sophomore
432,Linet,Capello,Linet.Capello@yopmail.com,junior
433,Mureil,Croix,Mureil.Croix@yopmail.com,senior
434,Hayley,Raama,Hayley.Raama@yopmail.com,freshman
435,Katleen,Marcellus,Katleen.Marcellus@yopmail.com,senior
436,Aaren,Lutero,Aaren.Lutero@yopmail.com,sophomore
437,Jackie,Cordi,Jackie.Cordi@yopmail.com,sophomore
438,Annice,Brunell,Annice.Brunell@yopmail.com,freshman
439,Tonia,Rudolph,Tonia.Rudolph@yopmail.com,freshman
440,Flory,Wu,Flory.Wu@yopmail.com,sophomore
441,Courtnay,Yerkovich,Courtnay.Yerkovich@yopmail.com,senior
442,Kathy,Vharat,Kathy.Vharat@yopmail.com,senior
443,Brianna,Deegan,Brianna.Deegan@yopmail.com,sophomore
444,Eadie,Marijo,Eadie.Marijo@yopmail.com,junior
445,Valera,Gibbeon,Valera.Gibbeon@yopmail.com,senior
446,Kristan,Knowling,Kristan.Knowling@yopmail.com,junior
447,Glenda,Garek,Glenda.Garek@yopmail.com,junior
448,Alejandra,Honoria,Alejandra.Honoria@yopmail.com,freshman
449,Iseabal,Seessel,Iseabal.Seessel@yopmail.com,sophomore
450,Tonia,Stilwell,Tonia.Stilwell@yopmail.com,senior
451,Linet,Sholley,Linet.Sholley@yopmail.com,sophomore
452,Celestyna,Eben,Celestyna.Eben@yopmail.com,sophomore
453,Aimil,Clywd,Aimil.Clywd@yopmail.com,senior
454,Inga,Germann,Inga.Germann@yopmail.com,freshman
455,Lelah,Bertold,Lelah.Bertold@yopmail.com,sophomore
456,Merry,Andrel,Merry.Andrel@yopmail.com,freshman
457,Darci,Hessler,Darci.Hessler@yopmail.com,senior
458,Hildegaard,Adore,Hildegaard.Adore@yopmail.com,freshman
459,Patricia,Amethist,Patricia.Amethist@yopmail.com,sophomore
460,Addia,Toffic,Addia.Toffic@yopmail.com,senior
461,Andeee,Milde,Andeee.Milde@yopmail.com,freshman
462,Averyl,Scammon,Averyl.Scammon@yopmail.com,senior
463,Charissa,Taam,Charissa.Taam@yopmail.com,sophomore
464,Gwenneth,Bergman,Gwenneth.Bergman@yopmail.com,freshman
465,Violet,Saree,Violet.Saree@yopmail.com,junior
466,Tera,Haerr,Tera.Haerr@yopmail.com,sophomore
467,Nanete,Tufts,Nanete.Tufts@yopmail.com,junior
468,Lanna,Nedrud,Lanna.Nedrud@yopmail.com,sophomore
469,Emilia,Sparhawk,Emilia.Sparhawk@yopmail.com,junior
470,Anestassia,Plato,Anestassia.Plato@yopmail.com,junior
471,Molli,Faust,Molli.Faust@yopmail.com,senior
472,Malina,Schenck,Malina.Schenck@yopmail.com,freshman
473,Benita,Colyer,Benita.Colyer@yopmail.com,sophomore
474,Caressa,Ricarda,Caressa.Ricarda@yopmail.com,sophomore
475,Janis,Vanni,Janis.Vanni@yopmail.com,sophomore
476,Celestyna,Holtz,Celestyna.Holtz@yopmail.com,sophomore
477,Lita,Pascia,Lita.Pascia@yopmail.com,freshman
478,Misha,Cutlerr,Misha.Cutlerr@yopmail.com,junior
479,Doro,Angelis,Doro.Angelis@yopmail.com,senior
480,Corene,Miru,Corene.Miru@yopmail.com,junior
481,Myriam,Philipp,Myriam.Philipp@yopmail.com,senior
482,Alyssa,Bertold,Alyssa.Bertold@yopmail.com,junior
483,Wendi,Stilwell,Wendi.Stilwell@yopmail.com,freshman
484,Ashlee,Merat,Ashlee.Merat@yopmail.com,freshman
485,Marguerite,Bibi,Marguerite.Bibi@yopmail.com,junior
486,Tersina,Carey,Tersina.Carey@yopmail.com,senior
487,Anica,Libna,Anica.Libna@yopmail.com,sophomore
488,Xylina,Kinnard,Xylina.Kinnard@yopmail.com,sophomore
489,Aimil,Cristi,Aimil.Cristi@yopmail.com,sophomore
490,Dale,Deegan,Dale.Deegan@yopmail.com,senior
491,Fred,Nerita,Fred.Nerita@yopmail.com,sophomore
492,Marika,Decato,Marika.Decato@yopmail.com,sophomore
493,Cordi,Avi,Cordi.Avi@yopmail.com,freshman
494,Shel,Dorine,Shel.Dorine@yopmail.com,freshman
495,Courtnay,Euridice,Courtnay.Euridice@yopmail.com,junior
496,Tonia,Grimbly,Tonia.Grimbly@yopmail.com,freshman
497,Evaleen,Sparhawk,Evaleen.Sparhawk@yopmail.com,freshman
498,Kelly,Pitt,Kelly.Pitt@yopmail.com,freshman
499,Ofilia,Haldas,Ofilia.Haldas@yopmail.com,senior
500,Lolita,Elo,Lolita.Elo@yopmail.com,freshman
501,Marinna,Burch,Marinna.Burch@yopmail.com,senior
502,Theodora,Seumas,Theodora.Seumas@yopmail.com,senior
503,Lanae,Stoller,Lanae.Stoller@yopmail.com,sophomore
504,Belva,Parsaye,Belva.Parsaye@yopmail.com,junior
505,Sarette,Stanwood,Sarette.Stanwood@yopmail.com,freshman
506,Kellen,Buckler,Kellen.Buckler@yopmail.com,junior
507,Priscilla,Avi,Priscilla.Avi@yopmail.com,junior
508,Vita,Andrel,Vita.Andrel@yopmail.com,junior
509,Jemie,Soneson,Jemie.Soneson@yopmail.com,senior
510,Feliza,Ciapas,Feliza.Ciapas@yopmail.com,senior
511,Helena,Heisel,Helena.Heisel@yopmail.com,senior
512,Farrah,Berriman,Farrah.Berriman@yopmail.com,sophomore
513,Donnie,Thunell,Donnie.Thunell@yopmail.com,freshman
514,Dede,Gaal,Dede.Gaal@yopmail.com,freshman
515,Morganica,Astra,Morganica.Astra@yopmail.com,senior
516,Aubrie,Marijo,Aubrie.Marijo@yopmail.com,freshman
517,Lonnie,Morehouse,Lonnie.Morehouse@yopmail.com,junior
518,Glynnis,Agle,Glynnis.Agle@yopmail.com,senior
519,Aigneis,Halsey,Aigneis.Halsey@yopmail.com,sophomore
520,Lolita,Jenness,Lolita.Jenness@yopmail.com,junior
521,Beverley,Blake,Beverley.Blake@yopmail.com,junior
522,Dotty,Gladstone,Dotty.Gladstone@yopmail.com,freshman
523,Jenda,Abernon,Jenda.Abernon@yopmail.com,sophomore
524,Candi,Carleen,Candi.Carleen@yopmail.com,sophomore
525,Inga,Belanger,Inga.Belanger@yopmail.com,senior
526,Thalia,Dalli,Thalia.Dalli@yopmail.com,freshman
527,Latisha,Rad,Latisha.Rad@yopmail.com,senior
528,Nataline,Ummersen,Nataline.Ummersen@yopmail.com,senior
529,Myrtice,Barrus,Myrtice.Barrus@yopmail.com,sophomore
530,Ardys,McClimans,Ardys.McClimans@yopmail.com,senior
531,Kaja,Weinreb,Kaja.Weinreb@yopmail.com,freshman
532,Roberta,Craggie,Roberta.Craggie@yopmail.com,sophomore
533,Vere,Leary,Vere.Leary@yopmail.com,senior
534,Chere,Bevin,Chere.Bevin@yopmail.com,freshman
535,Dorthy,Mandler,Dorthy.Mandler@yopmail.com,senior
536,Helena,Cadmar,Helena.Cadmar@yopmail.com,junior
537,Veda,Winnick,Veda.Winnick@yopmail.com,junior
538,Joelly,Karl,Joelly.Karl@yopmail.com,freshman
539,Sam,Beniamino,Sam.Beniamino@yopmail.com,freshman
540,Perry,Loring,Perry.Loring@yopmail.com,senior
541,Vita,Mauer,Vita.Mauer@yopmail.com,junior
542,Lanae,Jary,Lanae.Jary@yopmail.com,junior
543,Kathy,Mike,Kathy.Mike@yopmail.com,freshman
544,Ileana,Kirstin,Ileana.Kirstin@yopmail.com,freshman
545,Lorie,Jaylene,Lorie.Jaylene@yopmail.com,junior
546,Hannis,Tippets,Hannis.Tippets@yopmail.com,freshman
547,Nessie,Salchunas,Nessie.Salchunas@yopmail.com,senior
548,Hollie,Alexandr,Hollie.Alexandr@yopmail.com,junior
549,Oralee,Kendrick,Oralee.Kendrick@yopmail.com,junior
550,Averyl,Helve,Averyl.Helve@yopmail.com,junior
551,Carree,Santoro,Carree.Santoro@yopmail.com,junior
552,Natka,Warthman,Natka.Warthman@yopmail.com,freshman
553,Genevra,Chrystel,Genevra.Chrystel@yopmail.com,sophomore
554,Ricky,Maryanne,Ricky.Maryanne@yopmail.com,senior
555,Karena,Elo,Karena.Elo@yopmail.com,senior
556,Jenda,Tremayne,Jenda.Tremayne@yopmail.com,junior
557,Ursulina,Orlene,Ursulina.Orlene@yopmail.com,freshman
558,Fawne,Randene,Fawne.Randene@yopmail.com,junior
559,Sheelagh,Daniele,Sheelagh.Daniele@yopmail.com,senior
560,Noelle,Elephus,Noelle.Elephus@yopmail.com,junior
561,Danny,Faria,Danny.Faria@yopmail.com,sophomore
562,Jobi,Posner,Jobi.Posner@yopmail.com,sophomore
563,Micheline,Cleo,Micheline.Cleo@yopmail.com,junior
564,Ardenia,Flyn,Ardenia.Flyn@yopmail.com,junior
565,Michaelina,Breed,Michaelina.Breed@yopmail.com,senior
566,Wanda,Croix,Wanda.Croix@yopmail.com,sophomore
567,Selma,Dosia,Selma.Dosia@yopmail.com,freshman
568,Oralee,Desai,Oralee.Desai@yopmail.com,senior
569,Caryl,Olnee,Caryl.Olnee@yopmail.com,senior
570,Yetty,Cleo,Yetty.Cleo@yopmail.com,sophomore
571,Xylina,Pacorro,Xylina.Pacorro@yopmail.com,freshman
572,Nikki,Moina,Nikki.Moina@yopmail.com,junior
573,Lexine,Waldron,Lexine.Waldron@yopmail.com,junior
574,Barbara,Syd,Barbara.Syd@yopmail.com,senior
575,Shell,Kosey,Shell.Kosey@yopmail.com,junior
576,Eugine,Zola,Eugine.Zola@yopmail.com,junior
577,Linzy,McLaughlin,Linzy.McLaughlin@yopmail.com,sophomore
578,Meriel,Vanni,Meriel.Vanni@yopmail.com,sophomore
579,Stevana,Gwenore,Stevana.Gwenore@yopmail.com,senior
580,Dede,Larochelle,Dede.Larochelle@yopmail.com,freshman
581,Sheree,Isidore,Sheree.Isidore@yopmail.com,sophomore
582,Tani,Celestine,Tani.Celestine@yopmail.com,junior
583,Alyssa,Socha,Alyssa.Socha@yopmail.com,sophomore
584,Leontine,Turne,Leontine.Turne@yopmail.com,sophomore
585,Sashenka,Marsden,Sashenka.Marsden@yopmail.com,senior
586,Jenda,Daegal,Jenda.Daegal@yopmail.com,senior
587,Bernardine,Jefferey,Bernardine.Jefferey@yopmail.com,junior
588,Nelle,Morehouse,Nelle.Morehouse@yopmail.com,sophomore
589,Thalia,Kat,Thalia.Kat@yopmail.com,junior
590,Chrystel,Ellord,Chrystel.Ellord@yopmail.com,sophomore
591,Agnese,Anis,Agnese.Anis@yopmail.com,sophomore
592,Celene,Berard,Celene.Berard@yopmail.com,freshman
593,Nataline,Ries,Nataline.Ries@yopmail.com,senior
594,Deedee,Ammann,Deedee.Ammann@yopmail.com,sophomore
595,Mireielle,Sancho,Mireielle.Sancho@yopmail.com,senior
596,Katharina,Rocray,Katharina.Rocray@yopmail.com,freshman
597,Gilligan,Westphal,Gilligan.Westphal@yopmail.com,junior
598,Shaine,Buckler,Shaine.Buckler@yopmail.com,junior
599,Alleen,Rocray,Alleen.Rocray@yopmail.com,sophomore
600,Bibby,Verger,Bibby.Verger@yopmail.com,sophomore
601,Nerta,Shirberg,Nerta.Shirberg@yopmail.com,sophomore
602,Noelle,Montgomery,Noelle.Montgomery@yopmail.com,freshman
603,Lesly,Israeli,Lesly.Israeli@yopmail.com,sophomore
604,Danika,Nore,Danika.Nore@yopmail.com,freshman
605,Libbie,Strephon,Libbie.Strephon@yopmail.com,freshman
606,Valeda,Aldric,Valeda.Aldric@yopmail.com,freshman
607,Charlena,Fancie,Charlena.Fancie@yopmail.com,senior
608,Katuscha,Adrienne,Katuscha.Adrienne@yopmail.com,freshman
609,Albertina,Shields,Albertina.Shields@yopmail.com,freshman
610,Laure,Janene,Laure.Janene@yopmail.com,sophomore
611,Collen,Daniele,Collen.Daniele@yopmail.com,sophomore
612,Joceline,Kesley,Joceline.Kesley@yopmail.com,senior
613,Mara,McGrody,Mara.McGrody@yopmail.com,senior
614,Nelle,Adore,Nelle.Adore@yopmail.com,freshman
615,Ashlee,Macey,Ashlee.Macey@yopmail.com,junior
616,Christal,Willie,Christal.Willie@yopmail.com,freshman
617,Brana,Dash,Brana.Dash@yopmail.com,junior
618,Edyth,Guthrie,Edyth.Guthrie@yopmail.com,sophomore
619,Dede,Sheedy,Dede.Sheedy@yopmail.com,sophomore
620,Liana,Eben,Liana.Eben@yopmail.com,freshman
621,Fanny,Danby,Fanny.Danby@yopmail.com,freshman
622,Zaria,Robertson,Zaria.Robertson@yopmail.com,freshman
623,Nariko,Giule,Nariko.Giule@yopmail.com,senior
624,Patricia,Corabella,Patricia.Corabella@yopmail.com,junior
625,Winny,Alwin,Winny.Alwin@yopmail.com,freshman
626,Misha,Dielu,Misha.Dielu@yopmail.com,freshman
627,Petronia,Helfand,Petronia.Helfand@yopmail.com,senior
628,Ida,Angelis,Ida.Angelis@yopmail.com,senior
629,Roseline,Jethro,Roseline.Jethro@yopmail.com,sophomore
630,Collen,Delacourt,Collen.Delacourt@yopmail.com,senior
631,Calla,Darian,Calla.Darian@yopmail.com,junior
632,Nikki,Briney,Nikki.Briney@yopmail.com,freshman
633,Laurene,Magnolia,Laurene.Magnolia@yopmail.com,freshman
634,Taffy,Kaja,Taffy.Kaja@yopmail.com,freshman
635,Emma,Chinua,Emma.Chinua@yopmail.com,junior
636,Anallese,Valoniah,Anallese.Valoniah@yopmail.com,freshman
637,Queenie,Duwalt,Queenie.Duwalt@yopmail.com,freshman
638,Corina,Neils,Corina.Neils@yopmail.com,sophomore
639,Monika,Mandler,Monika.Mandler@yopmail.com,sophomore
640,Bernie,Odell,Bernie.Odell@yopmail.com,senior
641,Cordi,Huggins,Cordi.Huggins@yopmail.com,senior
642,Jeanna,Shaver,Jeanna.Shaver@yopmail.com,freshman
643,Verla,Diogenes,Verla.Diogenes@yopmail.com,freshman
644,Zia,Hubert,Zia.Hubert@yopmail.com,sophomore
645,Brynna,Velick,Brynna.Velick@yopmail.com,sophomore
646,Meghann,Elvyn,Meghann.Elvyn@yopmail.com,senior
647,Angela,Bryna,Angela.Bryna@yopmail.com,freshman
648,Mary,Brackely,Mary.Brackely@yopmail.com,freshman
649,Melisent,Kamaria,Melisent.Kamaria@yopmail.com,senior
650,Jinny,Grosz,Jinny.Grosz@yopmail.com,junior
651,Cathie,Jotham,Cathie.Jotham@yopmail.com,junior
652,Orelia,Lorenz,Orelia.Lorenz@yopmail.com,sophomore
653,Kate,Dermott,Kate.Dermott@yopmail.com,junior
654,Yvonne,Gusella,Yvonne.Gusella@yopmail.com,freshman
655,Codie,Decato,Codie.Decato@yopmail.com,freshman
656,Nerta,Chapland,Nerta.Chapland@yopmail.com,junior
657,Silvana,Jaylene,Silvana.Jaylene@yopmail.com,senior
658,Melisent,Marden,Melisent.Marden@yopmail.com,sophomore
659,Clo,Zamora,Clo.Zamora@yopmail.com,sophomore
660,Clary,Bonucci,Clary.Bonucci@yopmail.com,freshman
661,Elka,Sallyann,Elka.Sallyann@yopmail.com,junior
662,Lorenza,Nelsen,Lorenza.Nelsen@yopmail.com,senior
663,Leia,Anis,Leia.Anis@yopmail.com,senior
664,Christian,Fink,Christian.Fink@yopmail.com,sophomore
665,Eve,Olnee,Eve.Olnee@yopmail.com,senior
666,Belinda,Tillford,Belinda.Tillford@yopmail.com,freshman
667,Dolli,Vharat,Dolli.Vharat@yopmail.com,sophomore
668,Talya,Tiffa,Talya.Tiffa@yopmail.com,senior
669,Ezmeralda,Duwalt,Ezmeralda.Duwalt@yopmail.com,freshman
670,Sam,Urania,Sam.Urania@yopmail.com,senior
671,Gale,Jillane,Gale.Jillane@yopmail.com,senior
672,Gui,Khorma,Gui.Khorma@yopmail.com,senior
673,Elyssa,Melan,Elyssa.Melan@yopmail.com,freshman
674,Ardenia,Sparhawk,Ardenia.Sparhawk@yopmail.com,senior
675,Valeda,Kannry,Valeda.Kannry@yopmail.com,freshman
676,Kassey,Chrystel,Kassey.Chrystel@yopmail.com,sophomore
677,Carolina,Sundin,Carolina.Sundin@yopmail.com,junior
678,Kaja,Lamoree,Kaja.Lamoree@yopmail.com,freshman
679,Chickie,Read,Chickie.Read@yopmail.com,sophomore
680,Dione,Yoko,Dione.Yoko@yopmail.com,senior
681,Dolli,Cyrie,Dolli.Cyrie@yopmail.com,senior
682,Kassey,Lipson,Kassey.Lipson@yopmail.com,senior
683,Hannis,Bollay,Hannis.Bollay@yopmail.com,freshman
684,Althea,Rad,Althea.Rad@yopmail.com,sophomore
685,Elise,LaRue,Elise.LaRue@yopmail.com,senior
686,Kathy,Dominy,Kathy.Dominy@yopmail.com,junior
687,Valli,Si,Valli.Si@yopmail.com,junior
688,Hollie,Rubie,Hollie.Rubie@yopmail.com,sophomore
689,Iseabal,Birdella,Iseabal.Birdella@yopmail.com,senior
690,Christian,Diann,Christian.Diann@yopmail.com,junior
691,Camile,Vharat,Camile.Vharat@yopmail.com,freshman
692,Nadine,Gherardo,Nadine.Gherardo@yopmail.com,sophomore
693,Janis,Niles,Janis.Niles@yopmail.com,freshman
694,Kellen,Jagir,Kellen.Jagir@yopmail.com,sophomore
695,Janis,Chandler,Janis.Chandler@yopmail.com,freshman
696,Doralynne,Milson,Doralynne.Milson@yopmail.com,sophomore
697,Dede,Jagir,Dede.Jagir@yopmail.com,senior
698,Madelle,Screens,Madelle.Screens@yopmail.com,freshman
699,Leontine,Milde,Leontine.Milde@yopmail.com,sophomore
700,Linzy,Ranjiv,Linzy.Ranjiv@yopmail.com,senior
701,Jaime,Burnside,Jaime.Burnside@yopmail.com,junior
702,Dotty,Berriman,Dotty.Berriman@yopmail.com,freshman
703,Ericka,Joli,Ericka.Joli@yopmail.com,junior
704,Janis,Dyche,Janis.Dyche@yopmail.com,sophomore
705,Valeda,Haldas,Valeda.Haldas@yopmail.com,freshman
706,Zondra,Kalinda,Zondra.Kalinda@yopmail.com,junior
707,Gwyneth,Donoghue,Gwyneth.Donoghue@yopmail.com,senior
708,Tera,Khorma,Tera.Khorma@yopmail.com,senior
709,Nataline,Kare,Nataline.Kare@yopmail.com,sophomore
710,Audrie,Avi,Audrie.Avi@yopmail.com,junior
711,Madeleine,Autrey,Madeleine.Autrey@yopmail.com,senior
712,Doralynne,Concha,Doralynne.Concha@yopmail.com,freshman
713,Shaine,Cynar,Shaine.Cynar@yopmail.com,junior
714,Caressa,Codding,Caressa.Codding@yopmail.com,junior
715,Ezmeralda,Buffum,Ezmeralda.Buffum@yopmail.com,junior
716,Eadie,Nunci,Eadie.Nunci@yopmail.com,senior
717,Karly,Sprage,Karly.Sprage@yopmail.com,junior
718,Vanessa,Virgin,Vanessa.Virgin@yopmail.com,freshman
719,Millie,Pettiford,Millie.Pettiford@yopmail.com,sophomore
720,Wendi,Kussell,Wendi.Kussell@yopmail.com,senior
721,Jenda,Clara,Jenda.Clara@yopmail.com,senior
722,Annora,Nerita,Annora.Nerita@yopmail.com,freshman
723,Pollyanna,Ferino,Pollyanna.Ferino@yopmail.com,freshman
724,Berget,Hedve,Berget.Hedve@yopmail.com,senior
725,Kellen,Shaddock,Kellen.Shaddock@yopmail.com,sophomore
726,Marsiella,Arquit,Marsiella.Arquit@yopmail.com,freshman
727,Wileen,Gillan,Wileen.Gillan@yopmail.com,sophomore
728,Stacey,Erskine,Stacey.Erskine@yopmail.com,sophomore
729,Aeriela,Bigner,Aeriela.Bigner@yopmail.com,freshman
730,Phedra,Papageno,Phedra.Papageno@yopmail.com,freshman
731,Janeczka,Naor,Janeczka.Naor@yopmail.com,freshman
732,Ruthe,Jorgan,Ruthe.Jorgan@yopmail.com,senior
733,Sybille,Milson,Sybille.Milson@yopmail.com,senior
734,Veda,Primalia,Veda.Primalia@yopmail.com,senior
735,Rori,Ackerley,Rori.Ackerley@yopmail.com,junior
736,Kylynn,Salchunas,Kylynn.Salchunas@yopmail.com,sophomore
737,Loree,Wallis,Loree.Wallis@yopmail.com,junior
738,Clo,Lytton,Clo.Lytton@yopmail.com,freshman
739,Susette,Helve,Susette.Helve@yopmail.com,senior
740,Frieda,Vilma,Frieda.Vilma@yopmail.com,sophomore
741,Kimberley,Behre,Kimberley.Behre@yopmail.com,senior
742,Merci,Parsaye,Merci.Parsaye@yopmail.com,junior
743,Daphne,Cressida,Daphne.Cressida@yopmail.com,freshman
744,Ofilia,Vittoria,Ofilia.Vittoria@yopmail.com,freshman
745,Fanchon,Euridice,Fanchon.Euridice@yopmail.com,junior
746,Augustine,Barbey,Augustine.Barbey@yopmail.com,junior
747,Johna,Letsou,Johna.Letsou@yopmail.com,freshman
748,Gilligan,Lalitta,Gilligan.Lalitta@yopmail.com,senior
749,Kittie,Brenn,Kittie.Brenn@yopmail.com,freshman
750,Kimberley,Ralfston,Kimberley.Ralfston@yopmail.com,junior
751,Alejandra,Swigart,Alejandra.Swigart@yopmail.com,junior
752,Raquela,Pip,Raquela.Pip@yopmail.com,sophomore
753,Lyssa,Lindemann,Lyssa.Lindemann@yopmail.com,junior
754,Rosabelle,Joeann,Rosabelle.Joeann@yopmail.com,junior
755,Dede,Killigrew,Dede.Killigrew@yopmail.com,freshman
756,Sibella,Creamer,Sibella.Creamer@yopmail.com,sophomore
757,Sadie,Lia,Sadie.Lia@yopmail.com,senior
758,Shaine,Daniele,Shaine.Daniele@yopmail.com,junior
759,Carolina,Raama,Carolina.Raama@yopmail.com,junior
760,Shell,Shirberg,Shell.Shirberg@yopmail.com,sophomore
761,Carolina,Stefa,Carolina.Stefa@yopmail.com,sophomore
762,Marleah,Lasley,Marleah.Lasley@yopmail.com,junior
763,Lisette,Ophelia,Lisette.Ophelia@yopmail.com,sophomore
764,Doralynne,Sawtelle,Doralynne.Sawtelle@yopmail.com,senior
765,Kenna,Dalli,Kenna.Dalli@yopmail.com,senior
766,Janenna,Markman,Janenna.Markman@yopmail.com,senior
767,Valera,Jefferey,Valera.Jefferey@yopmail.com,junior
768,Jaime,Jaylene,Jaime.Jaylene@yopmail.com,freshman
769,Stevana,Belanger,Stevana.Belanger@yopmail.com,freshman
770,Nerta,Engdahl,Nerta.Engdahl@yopmail.com,senior
771,Camile,Raychel,Camile.Raychel@yopmail.com,senior
772,Caressa,Shama,Caressa.Shama@yopmail.com,sophomore
773,Caressa,Adlare,Caressa.Adlare@yopmail.com,junior
774,Jennica,Noam,Jennica.Noam@yopmail.com,freshman
775,Janis,Dichy,Janis.Dichy@yopmail.com,junior
776,Cassandra,Dex,Cassandra.Dex@yopmail.com,junior
777,Bernardine,Huggins,Bernardine.Huggins@yopmail.com,freshman
778,Paulita,Bonucci,Paulita.Bonucci@yopmail.com,junior
779,Concettina,Weitman,Concettina.Weitman@yopmail.com,sophomore
780,Sharlene,Melleta,Sharlene.Melleta@yopmail.com,junior
781,Margette,Phyllis,Margette.Phyllis@yopmail.com,sophomore
782,Catrina,Pelagias,Catrina.Pelagias@yopmail.com,senior
783,Letizia,Dulciana,Letizia.Dulciana@yopmail.com,sophomore
784,Carree,Gherardo,Carree.Gherardo@yopmail.com,junior
785,Dari,Anton,Dari.Anton@yopmail.com,senior
786,Consuela,Pond,Consuela.Pond@yopmail.com,sophomore
787,Demetris,Doig,Demetris.Doig@yopmail.com,sophomore
788,Annice,Rebecka,Annice.Rebecka@yopmail.com,junior
789,Andeee,Randene,Andeee.Randene@yopmail.com,sophomore
790,Lanae,Vilma,Lanae.Vilma@yopmail.com,sophomore
791,Janenna,Engdahl,Janenna.Engdahl@yopmail.com,junior
792,Phedra,Orelee,Phedra.Orelee@yopmail.com,freshman
793,Bernardine,Breed,Bernardine.Breed@yopmail.com,sophomore
794,Candi,Sandye,Candi.Sandye@yopmail.com,senior
795,Bee,Edee,Bee.Edee@yopmail.com,senior
796,Natka,An,Natka.An@yopmail.com,junior
797,Edith,Joachim,Edith.Joachim@yopmail.com,freshman
798,Barbara,Jillane,Barbara.Jillane@yopmail.com,junior
799,Adelle,Callista,Adelle.Callista@yopmail.com,sophomore
800,Zia,Thunell,Zia.Thunell@yopmail.com,freshman
801,Nelle,Faria,Nelle.Faria@yopmail.com,senior
802,Talya,Wenoa,Talya.Wenoa@yopmail.com,senior
803,Chere,Flita,Chere.Flita@yopmail.com,junior
804,Benita,Goode,Benita.Goode@yopmail.com,senior
805,Joceline,Lunsford,Joceline.Lunsford@yopmail.com,freshman
806,Doro,Zitvaa,Doro.Zitvaa@yopmail.com,sophomore
807,Claresta,Tayib,Claresta.Tayib@yopmail.com,junior
808,Kassey,Andrel,Kassey.Andrel@yopmail.com,senior
809,Rori,Phi,Rori.Phi@yopmail.com,freshman
810,Elfreda,Willie,Elfreda.Willie@yopmail.com,sophomore
811,Jeanna,Libna,Jeanna.Libna@yopmail.com,freshman
812,Perry,Lipson,Perry.Lipson@yopmail.com,sophomore
813,Tersina,Cath,Tersina.Cath@yopmail.com,junior
814,Kirstin,Wooster,Kirstin.Wooster@yopmail.com,junior
815,Giustina,Henrie,Giustina.Henrie@yopmail.com,sophomore
816,Queenie,Middleton,Queenie.Middleton@yopmail.com,freshman
817,Daryl,Evangelia,Daryl.Evangelia@yopmail.com,freshman
818,Siana,Uird,Siana.Uird@yopmail.com,sophomore
819,Sashenka,Miru,Sashenka.Miru@yopmail.com,freshman
820,Ronna,Ovid,Ronna.Ovid@yopmail.com,sophomore
821,Lilith,Aida,Lilith.Aida@yopmail.com,junior
822,Mellicent,Bahr,Mellicent.Bahr@yopmail.com,junior
823,Chere,Giule,Chere.Giule@yopmail.com,junior
824,Nita,Shirberg,Nita.Shirberg@yopmail.com,freshman
825,Sue,Ferino,Sue.Ferino@yopmail.com,freshman
826,Nelle,Kermit,Nelle.Kermit@yopmail.com,sophomore
827,Jinny,Hermes,Jinny.Hermes@yopmail.com,senior
828,Sharlene,Drus,Sharlene.Drus@yopmail.com,junior
829,Orelia,Ambrosia,Orelia.Ambrosia@yopmail.com,sophomore
830,Elie,Hailee,Elie.Hailee@yopmail.com,senior
831,Aubrie,Alcott,Aubrie.Alcott@yopmail.com,freshman
832,Jemie,Gombach,Jemie.Gombach@yopmail.com,senior
833,Ivett,Cutlerr,Ivett.Cutlerr@yopmail.com,sophomore
834,Gilligan,Etom,Gilligan.Etom@yopmail.com,junior
835,Mignon,Elo,Mignon.Elo@yopmail.com,junior
836,Sheree,Milson,Sheree.Milson@yopmail.com,freshman
837,Lyssa,Colbert,Lyssa.Colbert@yopmail.com,sophomore
838,Grier,Philoo,Grier.Philoo@yopmail.com,junior
839,Malina,Liva,Malina.Liva@yopmail.com,sophomore
840,Tilly,Obed,Tilly.Obed@yopmail.com,freshman
841,Wileen,Pelagias,Wileen.Pelagias@yopmail.com,freshman
842,Beth,Killigrew,Beth.Killigrew@yopmail.com,junior
843,Berget,Friede,Berget.Friede@yopmail.com,sophomore
844,Barbara,Sisile,Barbara.Sisile@yopmail.com,sophomore
845,Suzette,Dahlia,Suzette.Dahlia@yopmail.com,sophomore
846,Belinda,Capello,Belinda.Capello@yopmail.com,senior
847,Konstance,Melan,Konstance.Melan@yopmail.com,sophomore
848,Jany,Kylander,Jany.Kylander@yopmail.com,senior
849,Rosanne,Standing,Rosanne.Standing@yopmail.com,senior
850,Tami,Abernon,Tami.Abernon@yopmail.com,freshman
851,Lelah,Earlie,Lelah.Earlie@yopmail.com,freshman
852,Kayla,Faro,Kayla.Faro@yopmail.com,freshman
853,Gloria,Vernier,Gloria.Vernier@yopmail.com,freshman
854,Corina,Revkah,Corina.Revkah@yopmail.com,senior
855,Sandie,Crudden,Sandie.Crudden@yopmail.com,senior
856,Claudina,Tatianas,Claudina.Tatianas@yopmail.com,senior
857,Kimmy,Poppy,Kimmy.Poppy@yopmail.com,senior
858,Atlanta,Ruvolo,Atlanta.Ruvolo@yopmail.com,junior
859,Jany,Fadiman,Jany.Fadiman@yopmail.com,freshman
860,Nerta,Brian,Nerta.Brian@yopmail.com,junior
861,Stevana,Alva,Stevana.Alva@yopmail.com,sophomore
862,Luci,Dorcy,Luci.Dorcy@yopmail.com,sophomore
863,Philis,Millda,Philis.Millda@yopmail.com,junior
864,Brana,Croix,Brana.Croix@yopmail.com,freshman
865,Sadie,Taam,Sadie.Taam@yopmail.com,senior
866,Paulita,Thunell,Paulita.Thunell@yopmail.com,senior
867,Rozele,Juliet,Rozele.Juliet@yopmail.com,freshman
868,Gavrielle,Monaco,Gavrielle.Monaco@yopmail.com,freshman
869,Sue,Tufts,Sue.Tufts@yopmail.com,sophomore
870,Jorry,Dosia,Jorry.Dosia@yopmail.com,senior
871,Marsiella,Constancy,Marsiella.Constancy@yopmail.com,sophomore
872,Micheline,Wyn,Micheline.Wyn@yopmail.com,junior
873,Mady,Rosemary,Mady.Rosemary@yopmail.com,junior
874,Noelle,Loleta,Noelle.Loleta@yopmail.com,senior
875,Nikki,Madaih,Nikki.Madaih@yopmail.com,freshman
876,Glenda,Skell,Glenda.Skell@yopmail.com,sophomore
877,Minne,Wesle,Minne.Wesle@yopmail.com,sophomore
878,Dorene,Gaulin,Dorene.Gaulin@yopmail.com,senior
879,Donnie,Stanwood,Donnie.Stanwood@yopmail.com,junior
880,Mathilda,Laverne,Mathilda.Laverne@yopmail.com,freshman
881,Ayn,Audly,Ayn.Audly@yopmail.com,junior
882,Kenna,Pitt,Kenna.Pitt@yopmail.com,senior
883,Romona,Lemuela,Romona.Lemuela@yopmail.com,sophomore
884,Sissy,Burkle,Sissy.Burkle@yopmail.com,sophomore
885,Etta,Cloris,Etta.Cloris@yopmail.com,senior
886,Daune,Turne,Daune.Turne@yopmail.com,freshman
887,Kamilah,Tound,Kamilah.Tound@yopmail.com,freshman
888,Fanny,Bultman,Fanny.Bultman@yopmail.com,junior
889,Netty,Carlson,Netty.Carlson@yopmail.com,senior
890,Gaylene,Rodmann,Gaylene.Rodmann@yopmail.com,junior
891,Florie,Hieronymus,Florie.Hieronymus@yopmail.com,junior
892,Clementine,Dyche,Clementine.Dyche@yopmail.com,freshman
893,Theodora,Astra,Theodora.Astra@yopmail.com,sophomore
894,Jean,Bronk,Jean.Bronk@yopmail.com,sophomore
895,Bernie,Myrilla,Bernie.Myrilla@yopmail.com,freshman
896,Phedra,Freddi,Phedra.Freddi@yopmail.com,freshman
897,Marylou,Madelene,Marylou.Madelene@yopmail.com,senior
898,Anica,Gabrielli,Anica.Gabrielli@yopmail.com,junior
899,Tierney,Pernick,Tierney.Pernick@yopmail.com,senior
900,Dania,Gwenore,Dania.Gwenore@yopmail.com,junior
901,Rubie,Masao,Rubie.Masao@yopmail.com,junior
902,Carol-Jean,Juan,Carol-Jean.Juan@yopmail.com,junior
903,Bill,Deny,Bill.Deny@yopmail.com,sophomore
904,Karena,Chrystel,Karena.Chrystel@yopmail.com,sophomore
905,Pollyanna,Magdalen,Pollyanna.Magdalen@yopmail.com,sophomore
906,Melanie,Mintz,Melanie.Mintz@yopmail.com,junior
907,Letizia,Zachary,Letizia.Zachary@yopmail.com,freshman
908,Abbie,Chauncey,Abbie.Chauncey@yopmail.com,freshman
909,Johna,Merat,Johna.Merat@yopmail.com,sophomore
910,Evita,Forrer,Evita.Forrer@yopmail.com,senior
911,Odessa,Longfellow,Odessa.Longfellow@yopmail.com,senior
912,Suzette,Monaco,Suzette.Monaco@yopmail.com,freshman
913,Alyssa,Faria,Alyssa.Faria@yopmail.com,freshman
914,Merry,Magdalen,Merry.Magdalen@yopmail.com,freshman
915,Brana,Cohdwell,Brana.Cohdwell@yopmail.com,junior
916,Aurore,Annabella,Aurore.Annabella@yopmail.com,sophomore
917,Imojean,Fink,Imojean.Fink@yopmail.com,freshman
918,Edyth,Ophelia,Edyth.Ophelia@yopmail.com,sophomore
919,Shaylyn,McAdams,Shaylyn.McAdams@yopmail.com,sophomore
920,Kaja,Maurine,Kaja.Maurine@yopmail.com,senior
921,Tracey,Nicoline,Tracey.Nicoline@yopmail.com,junior
922,Jemie,Rodmann,Jemie.Rodmann@yopmail.com,freshman
923,Carree,Ledah,Carree.Ledah@yopmail.com,sophomore
924,Eolanda,Holtz,Eolanda.Holtz@yopmail.com,sophomore
925,Roz,Azeria,Roz.Azeria@yopmail.com,senior
926,Ofilia,Montgomery,Ofilia.Montgomery@yopmail.com,sophomore
927,Ann-Marie,Armanda,Ann-Marie.Armanda@yopmail.com,freshman
928,Belva,Tremayne,Belva.Tremayne@yopmail.com,freshman
929,Shandie,Faro,Shandie.Faro@yopmail.com,junior
930,Jany,Yerkovich,Jany.Yerkovich@yopmail.com,sophomore
931,Giustina,Rese,Giustina.Rese@yopmail.com,junior
932,Berta,Lilybelle,Berta.Lilybelle@yopmail.com,freshman
933,Carlie,Jaylene,Carlie.Jaylene@yopmail.com,sophomore
934,Helena,Verger,Helena.Verger@yopmail.com,junior
935,Chandra,Dash,Chandra.Dash@yopmail.com,sophomore
936,Jaime,Kathie,Jaime.Kathie@yopmail.com,sophomore
937,Chloris,Avi,Chloris.Avi@yopmail.com,freshman
938,Vere,Corrine,Vere.Corrine@yopmail.com,sophomore
939,Sam,Waite,Sam.Waite@yopmail.com,senior
940,Sam,Oster,Sam.Oster@yopmail.com,freshman
941,Maridel,Sabella,Maridel.Sabella@yopmail.com,sophomore
942,Molli,Olympium,Molli.Olympium@yopmail.com,freshman
943,Hildegaard,Krystle,Hildegaard.Krystle@yopmail.com,sophomore
944,Pierette,Creamer,Pierette.Creamer@yopmail.com,senior
945,Harmonia,Demitria,Harmonia.Demitria@yopmail.com,junior
946,Gretal,Bevin,Gretal.Bevin@yopmail.com,freshman
947,Edee,Edison,Edee.Edison@yopmail.com,freshman
948,Elie,Loeb,Elie.Loeb@yopmail.com,junior
949,Kenna,Adore,Kenna.Adore@yopmail.com,freshman
950,Adele,Jagir,Adele.Jagir@yopmail.com,sophomore
951,Max,Raama,Max.Raama@yopmail.com,sophomore
952,Kirbee,Allina,Kirbee.Allina@yopmail.com,senior
953,Maryellen,Irmine,Maryellen.Irmine@yopmail.com,sophomore
954,Jean,Oster,Jean.Oster@yopmail.com,sophomore
955,Kalina,Darian,Kalina.Darian@yopmail.com,freshman
956,Clarice,Roumell,Clarice.Roumell@yopmail.com,sophomore
957,Fayre,Lory,Fayre.Lory@yopmail.com,junior
958,Romona,Honoria,Romona.Honoria@yopmail.com,sophomore
959,Demetris,Linehan,Demetris.Linehan@yopmail.com,senior
960,Ardeen,Ezar,Ardeen.Ezar@yopmail.com,senior
961,Celisse,Glenden,Celisse.Glenden@yopmail.com,sophomore
962,Fayre,Wittie,Fayre.Wittie@yopmail.com,freshman
963,Millie,Gabrielli,Millie.Gabrielli@yopmail.com,freshman
964,Cathyleen,Tannie,Cathyleen.Tannie@yopmail.com,sophomore
965,Raina,Sigfrid,Raina.Sigfrid@yopmail.com,sophomore
966,Letizia,Cohdwell,Letizia.Cohdwell@yopmail.com,sophomore
967,Catharine,Fillbert,Catharine.Fillbert@yopmail.com,senior
968,Alisha,Lesley,Alisha.Lesley@yopmail.com,freshman
969,Jemie,Fax,Jemie.Fax@yopmail.com,freshman
970,Zia,Berl,Zia.Berl@yopmail.com,sophomore
971,Halette,Amasa,Halette.Amasa@yopmail.com,freshman
972,Moyna,Clarissa,Moyna.Clarissa@yopmail.com,sophomore
973,Zondra,Annabella,Zondra.Annabella@yopmail.com,freshman
974,Nanete,Jotham,Nanete.Jotham@yopmail.com,freshman
975,Anica,Sikorski,Anica.Sikorski@yopmail.com,freshman
976,Andeee,Clywd,Andeee.Clywd@yopmail.com,sophomore
977,Steffane,Hutchison,Steffane.Hutchison@yopmail.com,sophomore
978,Tatiania,Wyn,Tatiania.Wyn@yopmail.com,sophomore
979,Daune,Ummersen,Daune.Ummersen@yopmail.com,senior
980,Regina,Egbert,Regina.Egbert@yopmail.com,senior
981,Kaja,Greenwald,Kaja.Greenwald@yopmail.com,senior
982,Gale,Marsden,Gale.Marsden@yopmail.com,senior
983,Beverley,Lymann,Beverley.Lymann@yopmail.com,freshman
984,Mara,Craggie,Mara.Craggie@yopmail.com,sophomore
985,Nadine,Iaverne,Nadine.Iaverne@yopmail.com,sophomore
986,Elbertina,Tiffa,Elbertina.Tiffa@yopmail.com,senior
987,Nyssa,Teddman,Nyssa.Teddman@yopmail.com,freshman
988,Kristan,Hourigan,Kristan.Hourigan@yopmail.com,senior
989,Minne,Old,Minne.Old@yopmail.com,junior
990,Valli,An,Valli.An@yopmail.com,sophomore
991,Olwen,Terencio,Olwen.Terencio@yopmail.com,senior
992,Henriette,Ackerley,Henriette.Ackerley@yopmail.com,junior
993,Ruthe,Quent,Ruthe.Quent@yopmail.com,senior
994,Rosabelle,Sacken,Rosabelle.Sacken@yopmail.com,junior
995,Nataline,Standing,Nataline.Standing@yopmail.com,sophomore
996,Jillayne,Loleta,Jillayne.Loleta@yopmail.com,sophomore
997,Michaelina,Rozanna,Michaelina.Rozanna@yopmail.com,senior
998,Barbi,Astra,Barbi.Astra@yopmail.com,senior
999,Wanda,Martguerita,Wanda.Martguerita@yopmail.com,sophomore
1000,Sheree,Jeanne,Sheree.Jeanne@yopmail.com,freshman
1001,Jaclyn,Aurelio,Jaclyn.Aurelio@yopmail.com,sophomore
1002,Steffane,Decato,Steffane.Decato@yopmail.com,junior
1003,Odessa,Ammann,Odessa.Ammann@yopmail.com,sophomore
1004,Julieta,Elvyn,Julieta.Elvyn@yopmail.com,senior
1005,Gaylene,Hazlett,Gaylene.Hazlett@yopmail.com,junior
1006,Lorne,Sidonius,Lorne.Sidonius@yopmail.com,sophomore
1007,Sarette,Wattenberg,Sarette.Wattenberg@yopmail.com,freshman
1008,Stephanie,Elsinore,Stephanie.Elsinore@yopmail.com,freshman
1009,Orsola,Dituri,Orsola.Dituri@yopmail.com,senior
1010,Shell,Masao,Shell.Masao@yopmail.com,sophomore
1011,Frances,Boehike,Frances.Boehike@yopmail.com,senior
1012,Rochette,Modie,Rochette.Modie@yopmail.com,senior
1013,Lily,Randene,Lily.Randene@yopmail.com,junior
1014,Charlena,Ventre,Charlena.Ventre@yopmail.com,junior
1015,Carlie,Elo,Carlie.Elo@yopmail.com,senior
1016,Calla,Gilbertson,Calla.Gilbertson@yopmail.com,senior
1017,Deirdre,Tengdin,Deirdre.Tengdin@yopmail.com,senior
1018,Talya,Shama,Talya.Shama@yopmail.com,senior
1019,Tonia,Faust,Tonia.Faust@yopmail.com,senior
1020,Lilith,Stilwell,Lilith.Stilwell@yopmail.com,junior
1021,Antonietta,Candy,Antonietta.Candy@yopmail.com,senior
1022,Dyann,Zeeba,Dyann.Zeeba@yopmail.com,sophomore
1023,Rhea,McGrody,Rhea.McGrody@yopmail.com,junior
1024,Yvonne,Ietta,Yvonne.Ietta@yopmail.com,senior
1025,Rhea,Behre,Rhea.Behre@yopmail.com,sophomore
1026,Fanny,Orlene,Fanny.Orlene@yopmail.com,senior
1027,Anthia,Jehu,Anthia.Jehu@yopmail.com,freshman
1028,Shirlee,Francene,Shirlee.Francene@yopmail.com,junior
1029,Kore,Monk,Kore.Monk@yopmail.com,sophomore
1030,Sandie,Latini,Sandie.Latini@yopmail.com,sophomore
1031,Janey,Terrence,Janey.Terrence@yopmail.com,senior
1032,Dawn,Whittaker,Dawn.Whittaker@yopmail.com,sophomore
1033,Joy,Lamoree,Joy.Lamoree@yopmail.com,junior
1034,Krystle,Berriman,Krystle.Berriman@yopmail.com,junior
1035,Kirstin,Roscoe,Kirstin.Roscoe@yopmail.com,junior
1036,Mary,Hedve,Mary.Hedve@yopmail.com,senior
1037,Flory,Iaverne,Flory.Iaverne@yopmail.com,senior
1038,Collen,Paton,Collen.Paton@yopmail.com,freshman
1039,Alameda,Rustice,Alameda.Rustice@yopmail.com,freshman
1040,Sean,Bigner,Sean.Bigner@yopmail.com,junior
1041,Carmencita,Dosia,Carmencita.Dosia@yopmail.com,freshman
1042,Odessa,Avi,Odessa.Avi@yopmail.com,junior
1043,Miquela,Bettine,Miquela.Bettine@yopmail.com,senior
1044,Magdalena,Neva,Magdalena.Neva@yopmail.com,freshman
1045,Amara,Roarke,Amara.Roarke@yopmail.com,freshman
1046,Justinn,Rurik,Justinn.Rurik@yopmail.com,junior
1047,Nonnah,Lacombe,Nonnah.Lacombe@yopmail.com,senior
1048,Eolanda,Wu,Eolanda.Wu@yopmail.com,senior
1049,Ana,Rosette,Ana.Rosette@yopmail.com,junior
1050,Goldie,Bultman,Goldie.Bultman@yopmail.com,senior
1051,Sibella,Berl,Sibella.Berl@yopmail.com,junior
1052,Gwyneth,Screens,Gwyneth.Screens@yopmail.com,freshman
1053,Doralynne,Ajay,Doralynne.Ajay@yopmail.com,junior
1054,Riannon,Jeanne,Riannon.Jeanne@yopmail.com,junior
1055,Donnie,Tayib,Donnie.Tayib@yopmail.com,senior
1056,Tatiania,Melleta,Tatiania.Melleta@yopmail.com,junior
1057,Mary,Salvidor,Mary.Salvidor@yopmail.com,junior
1058,Celisse,Wattenberg,Celisse.Wattenberg@yopmail.com,senior
1059,Sybille,Joni,Sybille.Joni@yopmail.com,junior
1060,Leona,Bari,Leona.Bari@yopmail.com,sophomore
1061,Hermione,Gregrory,Hermione.Gregrory@yopmail.com,freshman
1062,Di,Sancho,Di.Sancho@yopmail.com,freshman
1063,Agathe,Kussell,Agathe.Kussell@yopmail.com,senior
1064,Elie,Libna,Elie.Libna@yopmail.com,freshman
1065,Valera,Eno,Valera.Eno@yopmail.com,junior
1066,Tomasina,Luhe,Tomasina.Luhe@yopmail.com,junior
1067,Shell,Flyn,Shell.Flyn@yopmail.com,freshman
1068,Mariann,Old,Mariann.Old@yopmail.com,junior
1069,Lilith,Loleta,Lilith.Loleta@yopmail.com,junior
1070,Wileen,Faro,Wileen.Faro@yopmail.com,freshman
1071,Mildrid,Denis,Mildrid.Denis@yopmail.com,sophomore
1072,Aryn,Argus,Aryn.Argus@yopmail.com,freshman
1073,Charmaine,Dorcy,Charmaine.Dorcy@yopmail.com,freshman
1074,Aurore,Marisa,Aurore.Marisa@yopmail.com,sophomore
1075,Averyl,Skell,Averyl.Skell@yopmail.com,freshman
1076,Bee,Gower,Bee.Gower@yopmail.com,junior
1077,Katuscha,Swigart,Katuscha.Swigart@yopmail.com,freshman
1078,Cecile,Marlie,Cecile.Marlie@yopmail.com,freshman
1079,Bobbi,Byrne,Bobbi.Byrne@yopmail.com,junior
1080,Rani,Hilbert,Rani.Hilbert@yopmail.com,junior
1081,Natka,Old,Natka.Old@yopmail.com,freshman
1082,Sarette,Atonsah,Sarette.Atonsah@yopmail.com,junior
1083,Tressa,Salchunas,Tressa.Salchunas@yopmail.com,freshman
1084,Selma,Othilia,Selma.Othilia@yopmail.com,senior
1085,Meghann,Goddard,Meghann.Goddard@yopmail.com,sophomore
1086,Joane,Yate,Joane.Yate@yopmail.com,junior
1087,Pollyanna,Ariella,Pollyanna.Ariella@yopmail.com,freshman
1088,Lonnie,Urias,Lonnie.Urias@yopmail.com,senior
1089,Cristine,Kaete,Cristine.Kaete@yopmail.com,junior
1090,Miquela,Zeeba,Miquela.Zeeba@yopmail.com,senior
1091,Ginnie,Wildermuth,Ginnie.Wildermuth@yopmail.com,junior
1092,Rhoda,Karylin,Rhoda.Karylin@yopmail.com,junior
1093,Kimmy,Duwalt,Kimmy.Duwalt@yopmail.com,sophomore
1094,Albertina,Uird,Albertina.Uird@yopmail.com,senior
1095,Catrina,Kamaria,Catrina.Kamaria@yopmail.com,freshman
1096,Augustine,Israeli,Augustine.Israeli@yopmail.com,freshman
1097,Gwenneth,Darbie,Gwenneth.Darbie@yopmail.com,freshman
1098,Gusty,Gregrory,Gusty.Gregrory@yopmail.com,freshman
1099,Bernie,Kazimir,Bernie.Kazimir@yopmail.com,senior